cat_ID_con,region,wtd_AreaSqKm,str_ord,str_slope,str_slope_dg,HUC12
Bristol_Bay_1003859,Bristol_Bay,39.975899999999996,4,0.000968087344,0.055467301683376234,190302030202
Bristol_Bay_1004129,Bristol_Bay,45.335899999999995,5,0.0,0.0,190302030201
Bristol_Bay_1006858,Bristol_Bay,31.2519,4,0.011164544121,0.6396546821821606,190302030205
Bristol_Bay_1007408,Bristol_Bay,42.596799999999995,4,0.002892124819,0.16570608394488648,190302030203
Bristol_Bay_1008168,Bristol_Bay,45.597899999999996,4,0.001587037864,0.09093049519282355,190302030204
Bristol_Bay_1008527,Bristol_Bay,69.56949999999999,4,0.001807367623,0.10355442407039826,190302030206
Bristol_Bay_1008597,Bristol_Bay,117.89489999999999,5,0.0,0.0,190302030207
Bristol_Bay_1013001,Bristol_Bay,48.7559,4,0.00142977396,0.0819199577440148,190302031107
Bristol_Bay_1013111,Bristol_Bay,56.2166,4,0.00287952731,0.16498430585778012,190302030908
Bristol_Bay_1013306,Bristol_Bay,99.64179999999999,5,0.0,0.0,190302030108
Bristol_Bay_1013765,Bristol_Bay,49.3979,4,0.001057434083,0.06058648748725937,190302030104
Bristol_Bay_1014251,Bristol_Bay,142.75379999999998,5,0.0,0.0,190302030910
Bristol_Bay_1014341,Bristol_Bay,121.89139999999999,4,0.004481549985,0.2567721807976201,190302030905
Bristol_Bay_1014516,Bristol_Bay,60.913,5,0.002616896544,0.14993678513112163,190302030211
Bristol_Bay_1014641,Bristol_Bay,256.45709999999997,6,0.001291549021,0.07400026679098441,190302030909
Bristol_Bay_1014786,Bristol_Bay,81.8898,5,0.000581511948,0.033318176601249264,190302030208
Bristol_Bay_1014821,Bristol_Bay,1649.3,6,0.001352965984,0.07751919340792163,190302030904
Bristol_Bay_1015186,Bristol_Bay,567.6204,5,0.0,0.0,190302030107
Bristol_Bay_1015281,Bristol_Bay,1899.446,6,0.00143007491,0.08193720087360251,190302030906
Bristol_Bay_1015516,Bristol_Bay,729.1422,6,0.000330774406,0.018951976743557416,190302030109
Bristol_Bay_1015685,Bristol_Bay,100.16669999999999,5,0.007943428104,0.45511533308917757,190302030210
Bristol_Bay_1015771,Bristol_Bay,2511.8806,7,0.0,0.0,190302030912
Bristol_Bay_1015821,Bristol_Bay,7010.3863,8,0.0,0.0,190302031109
Bristol_Bay_1016325,Bristol_Bay,351.941,5,0.001909488063,0.10940547407124482,190302030105
Bristol_Bay_1016515,Bristol_Bay,58.1064,4,0.000967146333,0.05541338577508137,190302030106
Bristol_Bay_1016825,Bristol_Bay,70.35159999999999,4,0.000502424458,0.028786798545327643,190302030209
Bristol_Bay_1021823,Bristol_Bay,42.7847,3,0.0,0.0,190302031101
Bristol_Bay_1021914,Bristol_Bay,132.15699999999998,5,0.0,0.0,190302030102
Bristol_Bay_1021984,Bristol_Bay,100.5533,5,0.0,0.0,190302031102
Bristol_Bay_1022284,Bristol_Bay,217.6019,5,0.0,0.0,190302031103
Bristol_Bay_1023034,Bristol_Bay,3257.8466,7,0.0,0.0,190302030212
Bristol_Bay_1024403,Bristol_Bay,54.852999999999994,4,0.004704439465,0.26954253784827004,190302030603
Bristol_Bay_1025113,Bristol_Bay,121.34429999999999,5,0.006646098965,0.38078781444073057,190302030604
Bristol_Bay_1025432,Bristol_Bay,64.2756,3,0.001574136015,0.09019127554397798,190302031106
Bristol_Bay_1025533,Bristol_Bay,131.31879999999998,4,0.003893318579,0.22306959579005364,190302030801
Bristol_Bay_1025683,Bristol_Bay,186.9007,5,0.002019488838,0.11570802989264077,190302030602
Bristol_Bay_1025783,Bristol_Bay,118.42309999999999,5,0.0,0.0,190302030401
Bristol_Bay_1026233,Bristol_Bay,206.2505,5,0.001918918097,0.10994577324035582,190302030302
Bristol_Bay_1026463,Bristol_Bay,270.0279,5,0.0,0.0,190302031104
Bristol_Bay_1026613,Bristol_Bay,753.5716,6,0.003741405702,0.21436575593556387,190302030605
Bristol_Bay_1026983,Bristol_Bay,3913.5813,7,0.0,0.0,190302031105
Bristol_Bay_1027852,Bristol_Bay,118.2739,5,0.000747486134,0.042827792746281804,190302030903
Bristol_Bay_1028122,Bristol_Bay,16.9596,3,0.006619622458,0.37927088907036144,190302031110
Bristol_Bay_1028212,Bristol_Bay,146.4777,5,0.0,0.0,190302030702
Bristol_Bay_1028322,Bristol_Bay,248.779,5,0.004493766361,0.2574721134873587,190302030703
Bristol_Bay_1029732,Bristol_Bay,338.18559999999997,5,0.005084045296,0.2912918286079821,190302030503
Bristol_Bay_1029872,Bristol_Bay,218.2834,5,0.002687218266,0.1539658946697804,190302030802
Bristol_Bay_1030062,Bristol_Bay,177.066,5,0.0,0.0,190302030402
Bristol_Bay_1030462,Bristol_Bay,98.68809999999999,4,0.000620863431,0.03557284967954022,190302030301
Bristol_Bay_1030642,Bristol_Bay,193.1101,5,0.001051249554,0.060232140471189376,190302031108
Bristol_Bay_1031022,Bristol_Bay,1445.6002999999998,6,0.001938060375,0.11104254090103194,190302030902
Bristol_Bay_2019230,Bristol_Bay,305.465,6,0.0,0.0,190302050103
Bristol_Bay_2019750,Bristol_Bay,402.3631,6,0.005068957576,0.29042738820690184,190302050104
Bristol_Bay_2020120,Bristol_Bay,512.3715,6,0.0,0.0,190302050105
Bristol_Bay_2040601,Bristol_Bay,1000.1854,7,0.003628927741,0.20792133100703544,190302050301
Bristol_Bay_2041261,Bristol_Bay,1136.8802416589124,7,0.0,0.0,190302050303
Bristol_Bay_2042341,Bristol_Bay,425.8351309009124,5,0.0,0.0,190302050405
Bristol_Bay_2059915,Bristol_Bay,51.0779,4,0.002870715289,0.16447941841906513,190302061502
Bristol_Bay_2060975,Bristol_Bay,90.98089999999999,4,0.00420012728,0.24064815147152407,190302061204
Bristol_Bay_2061205,Bristol_Bay,141.6299,5,0.002053451979,0.11765396646055049,190302061501
Bristol_Bay_2061325,Bristol_Bay,176.135,5,0.002467898184,0.14139986314536684,190302061206
Bristol_Bay_2063167,Bristol_Bay,89.60849999999999,4,0.003464941965,0.1985257563664577,190302061902
Bristol_Bay_2063257,Bristol_Bay,65.77240632382488,4,0.01268156026,0.7265609332220263,190302061805
Bristol_Bay_2064245,Bristol_Bay,90.8999,5,0.00962881141,0.5516732066636656,190302060604
Bristol_Bay_2064385,Bristol_Bay,106.252,4,0.001447964936,0.08296222173616351,190302061302
Bristol_Bay_2065025,Bristol_Bay,52.278099999999995,4,0.007116422602,0.407734097395795,190302060906
Bristol_Bay_2065485,Bristol_Bay,238.30650863991244,5,0.0,0.0,190302060403
Bristol_Bay_2065885,Bristol_Bay,333.9805,5,0.0,0.0,190302060404
Bristol_Bay_2066555,Bristol_Bay,104.2528,5,0.012931409838,0.7408739120648857,190302060909
Bristol_Bay_2066734,Bristol_Bay,54.00715560299996,4,0.027207793864,1.5585072651899619,190302060202
Bristol_Bay_2066827,Bristol_Bay,61.83298018008752,4,0.010574340829,0.6058425202073083,190302061702
Bristol_Bay_2067075,Bristol_Bay,315.5754,6,0.000962628351,0.05515452471556734,190302060605
Bristol_Bay_2067097,Bristol_Bay,131.9534,5,0.0,0.0,190302061802
Bristol_Bay_2067114,Bristol_Bay,37.7862,4,0.0,0.0,190302060905
Bristol_Bay_2067195,Bristol_Bay,35.0687,4,0.001552158577,0.08893206417891236,190302060502
Bristol_Bay_2067465,Bristol_Bay,267.042522261,5,0.000700514065,0.04013649284879456,190302061202
Bristol_Bay_2067604,Bristol_Bay,63.9644,5,0.003651663934,0.2092240016454036,190302060907
Bristol_Bay_2068147,Bristol_Bay,1358.4056,6,0.00311087101,0.17823920451302064,190302061901
Bristol_Bay_2068305,Bristol_Bay,397.97319999999996,5,0.001041082968,0.0596496386388648,190302060503
Bristol_Bay_2068474,Bristol_Bay,52.204299999999996,4,0.004343894809,0.2488852737719344,190302060912
Bristol_Bay_2068514,Bristol_Bay,39.9152,4,0.0,0.0,190302060911
Bristol_Bay_2068597,Bristol_Bay,584.5491174378249,6,0.000463658042,0.02656564704021611,190302061807
Bristol_Bay_2068715,Bristol_Bay,100.34639999999999,5,0.002131941984,0.12215109278407446,190302061203
Bristol_Bay_2068895,Bristol_Bay,520.786922261,6,0.0,0.0,190302061205
Bristol_Bay_2069087,Bristol_Bay,923.3409174378248,6,0.0,0.0,190302061808
Bristol_Bay_2069134,Bristol_Bay,90.2676,4,0.0,0.0,190302060910
Bristol_Bay_2069144,Bristol_Bay,77.8193,4,0.0,0.0,190302060206
Bristol_Bay_2069287,Bristol_Bay,1021.7005174378248,6,0.005060364135,0.2899350329354117,190302061809
Bristol_Bay_2069334,Bristol_Bay,180.5101,5,0.0,0.0,190302060913
Bristol_Bay_2069365,Bristol_Bay,88.57469999999999,5,0.012626299171,0.7233952129530968,190302060908
Bristol_Bay_2069504,Bristol_Bay,136.650122261,5,0.005339620684,0.30593482185750415,190302061201
Bristol_Bay_2069737,Bristol_Bay,2710.3344111139995,7,0.003280271511,0.18794503913167765,190302061904
Bristol_Bay_2069987,Bristol_Bay,3128.988111114,7,0.0,0.0,190302062003
Bristol_Bay_2070037,Bristol_Bay,3310.7436111139996,7,0.0,0.0,190302062005
Bristol_Bay_2070127,Bristol_Bay,3648.2295111139997,7,0.0,0.0,190302062008
Bristol_Bay_2070227,Bristol_Bay,23684.522390960734,8,0.0,0.0,190302062204
Bristol_Bay_2070527,Bristol_Bay,24328.008390960735,8,0.0,0.0,190302062208
Bristol_Bay_2070574,Bristol_Bay,89.7346,4,0.020478521703,1.1731688853647895,190302060103
Bristol_Bay_2070607,Bristol_Bay,24355.271090960734,8,0.0,0.0,190302062311
Bristol_Bay_2072204,Bristol_Bay,88.3934,4,0.022793980823,1.3057727859270483,190302060201
Bristol_Bay_2072244,Bristol_Bay,92.45909999999999,4,0.0,0.0,190302060901
Bristol_Bay_2073204,Bristol_Bay,255.9759,5,0.011532413077,0.6607293063793067,190302060203
Bristol_Bay_2073484,Bristol_Bay,332.578,5,0.0,0.0,190302060205
Bristol_Bay_2073634,Bristol_Bay,485.3159,5,0.0,0.0,190302060207
Bristol_Bay_2073694,Bristol_Bay,52.1804,5,0.0,0.0,190302060701
Bristol_Bay_2074054,Bristol_Bay,165.1147,6,0.003717541918,0.21299848084661183,190302060702
Bristol_Bay_2074434,Bristol_Bay,256.04011111399996,5,0.0,0.0,190302060902
Bristol_Bay_2074484,Bristol_Bay,272.83881111399995,5,0.0,0.0,190302060302
Bristol_Bay_2074724,Bristol_Bay,325.1434,6,0.008706795832,0.4988500488535176,190302060703
Bristol_Bay_2074794,Bristol_Bay,352.5765,6,0.0,0.0,190302060704
Bristol_Bay_2075404,Bristol_Bay,383.01329999999996,5,0.0,0.0,190302060104
Bristol_Bay_2076162,Bristol_Bay,45.224799999999995,5,0.009927620065,0.5687920445577629,190302051103
Bristol_Bay_2076174,Bristol_Bay,64.7415,5,0.009487938824,0.5436025394067326,190302060903
Bristol_Bay_2076202,Bristol_Bay,81.3519,4,0.045873499389,2.6265165447420324,190302050503
Bristol_Bay_2076254,Bristol_Bay,126.1540642169125,5,0.0,0.0,190302060904
Bristol_Bay_2076454,Bristol_Bay,8821.833435357736,8,0.0,0.0,190302051405
Bristol_Bay_2076994,Bristol_Bay,8924.635171206823,8,0.0,0.0,190302051406
Bristol_Bay_2077232,Bristol_Bay,57.970299999999995,4,0.012308761913,0.705204495936936,190302051102
Bristol_Bay_2077333,Bristol_Bay,31.2032,4,0.015801714712,0.9052962180158809,190302051403
Bristol_Bay_2077902,Bristol_Bay,99.5594,4,0.010266742724,0.5882203606930823,190302051101
Bristol_Bay_2078492,Bristol_Bay,194.907511114,5,0.0,0.0,190302050504
Bristol_Bay_2078522,Bristol_Bay,114.08601111399999,4,0.003899831179,0.22344273461823203,190302050607
Bristol_Bay_2078786,Bristol_Bay,44.5415,4,0.0,0.0,190302060602
Bristol_Bay_2078822,Bristol_Bay,168.5736,4,0.00657292581,0.37659548463211373,190302050502
Bristol_Bay_2078943,Bristol_Bay,90.7722,5,0.0,0.0,190302051401
Bristol_Bay_2079006,Bristol_Bay,34.463699999999996,4,0.002518054233,0.14427357520959536,190302060601
Bristol_Bay_2079192,Bristol_Bay,419.49151111399993,5,0.0,0.0,190302050505
Bristol_Bay_2079556,Bristol_Bay,43.4554,3,0.016561042317,0.948791094394087,190302060603
Bristol_Bay_2079716,Bristol_Bay,69.39060219808772,5,0.006457745105,0.3699963964901931,190302061002
Bristol_Bay_2079856,Bristol_Bay,57.5824,4,0.004130572411,0.23666302017742846,190302061601
Bristol_Bay_2080866,Bristol_Bay,66.62049999999999,4,0.0,0.0,190302061504
Bristol_Bay_2080976,Bristol_Bay,74.5838,4,0.0,0.0,190302062203
Bristol_Bay_2081436,Bristol_Bay,101.1579,4,0.007037724102,0.40322523132052096,190302061603
Bristol_Bay_2081462,Bristol_Bay,59.233399999999996,4,0.021478049325,1.2304124026431937,190302050606
Bristol_Bay_2081466,Bristol_Bay,108.50319999999999,5,0.0,0.0,190302062201
Bristol_Bay_2081566,Bristol_Bay,180.16980219808772,6,0.002908263794,0.1666307713203706,190302061001
Bristol_Bay_2082396,Bristol_Bay,134.37619999999998,4,0.001499284433,0.08590260593510318,190302061102
Bristol_Bay_2082463,Bristol_Bay,847.196777772,5,0.0,0.0,190302051309
Bristol_Bay_2082586,Bristol_Bay,311.7498,5,0.0,0.0,190302061103
Bristol_Bay_2082856,Bristol_Bay,267.8388021980877,6,0.0,0.0,190302061003
Bristol_Bay_2082862,Bristol_Bay,763.2292575527365,5,0.005131436608,0.294007079932422,190302050608
Bristol_Bay_2082873,Bristol_Bay,53.630199999999995,4,0.023309026274,1.335267043458964,190302060301
Bristol_Bay_2083162,Bristol_Bay,523.269410706,5,0.006730347609,0.385614690251371,190302050705
Bristol_Bay_2083946,Bristol_Bay,27.417099999999998,4,0.0,0.0,190302061207
Bristol_Bay_2084596,Bristol_Bay,71.1425,4,0.0,0.0,190302061404
Bristol_Bay_2084672,Bristol_Bay,589.7805395408249,5,0.0,0.0,190302050407
Bristol_Bay_2084713,Bristol_Bay,53.4479,4,0.0,0.0,190302051404
Bristol_Bay_2084722,Bristol_Bay,1870.7262416589124,7,0.0,0.0,190302050304
Bristol_Bay_2084733,Bristol_Bay,70.98831111399998,5,0.004399874293,0.2520926006407774,190302051202
Bristol_Bay_2085216,Bristol_Bay,254.9741,5,0.0,0.0,190302061701
Bristol_Bay_2085396,Bristol_Bay,193.2727,5,0.002030115431,0.11631688632593426,190302061703
Bristol_Bay_2085476,Bristol_Bay,73.2744,4,0.004602372915,0.2636946819394634,190302062001
Bristol_Bay_2085482,Bristol_Bay,1687.9982,6,0.0,0.0,190302051012
Bristol_Bay_2086106,Bristol_Bay,155.608,5,0.0,0.0,190302061602
Bristol_Bay_2086192,Bristol_Bay,2955.261911147,7,0.0,0.0,190302051104
Bristol_Bay_2086386,Bristol_Bay,336.9876,5,0.0,0.0,190302061604
Bristol_Bay_2086766,Bristol_Bay,1184.4098,6,0.0,0.0,190302061704
Bristol_Bay_2087126,Bristol_Bay,172.7549,5,0.003403122724,0.19498381653418576,190302060801
Bristol_Bay_2087276,Bristol_Bay,219.6496,5,0.015054944856,0.8625196412378103,190302060802
Bristol_Bay_2087446,Bristol_Bay,165.52609999999999,4,0.0,0.0,190302061503
Bristol_Bay_2087846,Bristol_Bay,864.837022261,6,0.0,0.0,190302061208
Bristol_Bay_2087903,Bristol_Bay,7591.640137357824,8,0.0,0.0,190302051203
Bristol_Bay_2088163,Bristol_Bay,8605.629435357736,8,0.0,0.0,190302051402
Bristol_Bay_2088346,Bristol_Bay,191.96439999999998,5,0.0,0.0,190302061301
Bristol_Bay_2088616,Bristol_Bay,324.9455,5,0.0,0.0,190302061303
Bristol_Bay_2088766,Bristol_Bay,16496.602557585735,8,0.0,0.0,190302060914
Bristol_Bay_2089306,Bristol_Bay,18106.98328204482,8,0.0,0.0,190302061401
Bristol_Bay_2089656,Bristol_Bay,18711.14368204482,8,0.0,0.0,190302061403
Bristol_Bay_2089756,Bristol_Bay,18838.13838204482,8,0.0,0.0,190302061406
Bristol_Bay_2089766,Bristol_Bay,19411.19208204482,8,0.0,0.0,190302061505
Bristol_Bay_3006179,Bristol_Bay,48.610499999999995,3,0.002325141842,0.1332205742401079,190302041102
Bristol_Bay_3006389,Bristol_Bay,181.499,5,0.0,0.0,190302041103
Bristol_Bay_3006540,Bristol_Bay,65.5513,5,0.001967736785,0.1127428674602797,190302040205
Bristol_Bay_3007140,Bristol_Bay,486.4701,5,0.011824727854,0.6774754252849887,190302040204
Bristol_Bay_3016021,Bristol_Bay,65.9496,4,0.013424006186,0.7690927029894737,190302041202
Bristol_Bay_3016301,Bristol_Bay,50.3356,3,0.005389699377,0.3088040370345361,190302041401
Bristol_Bay_3017471,Bristol_Bay,77.72619999999999,4,0.016950780375,0.9711151722301442,190302040203
Bristol_Bay_3017701,Bristol_Bay,154.2714,5,0.0,0.0,190302040201
Bristol_Bay_3017708,Bristol_Bay,28.904899999999998,4,0.005225207672,0.29937962207131086,190302041104
Bristol_Bay_3018151,Bristol_Bay,273.5851,5,0.0,0.0,190302040202
Bristol_Bay_3018821,Bristol_Bay,154.9932,4,0.001655190699,0.09483535473664777,190302041402
Bristol_Bay_3018878,Bristol_Bay,358.2926,5,0.00147838686,0.08470526585424205,190302041105
Bristol_Bay_3019031,Bristol_Bay,540.5083,6,0.0,0.0,190302040206
Bristol_Bay_3021174,Bristol_Bay,51.998799999999996,5,0.000745342417,0.04270496687814191,190302041004
Bristol_Bay_3021183,Bristol_Bay,47.036699999999996,4,0.000761393714,0.0436246379299615,190302041005
Bristol_Bay_3021202,Bristol_Bay,46.2264,5,0.00096394726,0.05523009256470797,190302040207
Bristol_Bay_3021744,Bristol_Bay,127.0923,5,0.015602722515,0.8938976154450028,190302040304
Bristol_Bay_3021782,Bristol_Bay,838.0358,6,0.0,0.0,190302040208
Bristol_Bay_3021843,Bristol_Bay,74.5018,4,0.020605125206,1.1804196721593883,190302040403
Bristol_Bay_3021962,Bristol_Bay,124.34949999999999,4,0.011753193129,0.6733773570034538,190302041201
Bristol_Bay_3022083,Bristol_Bay,93.1001,4,0.01772565521,1.0154988853519382,190302040404
Bristol_Bay_3022292,Bristol_Bay,321.399,5,0.002379744068,0.13634903402829165,190302041203
Bristol_Bay_3022743,Bristol_Bay,110.5539,4,0.010492488341,0.6011532383939342,190302040402
Bristol_Bay_3022804,Bristol_Bay,65.9262,4,0.001847995073,0.10588219771171731,190302041306
Bristol_Bay_3023044,Bristol_Bay,148.7091,4,0.0,0.0,190302041002
Bristol_Bay_3023274,Bristol_Bay,73.9316,4,0.0,0.0,190302040405
Bristol_Bay_3023593,Bristol_Bay,49.6276,4,0.005030334445,0.2882145022355091,190302041501
Bristol_Bay_3023733,Bristol_Bay,318.8109,5,0.0,0.0,190302041403
Bristol_Bay_3023814,Bristol_Bay,999.1499,6,0.0,0.0,190302041111
Bristol_Bay_3023823,Bristol_Bay,1018.4257,6,0.0,0.0,190302040401
Bristol_Bay_3024163,Bristol_Bay,425.6893,5,0.000575247905,0.03295927349472345,190302041204
Bristol_Bay_3024213,Bristol_Bay,741.7248999999999,6,0.000717010161,0.041081649053222466,190302041307
Bristol_Bay_3024343,Bristol_Bay,6754.2341,8,0.0,0.0,190302041006
Bristol_Bay_3024543,Bristol_Bay,9469.3326,8,0.0,0.0,190302041502
Bristol_Bay_3024783,Bristol_Bay,9603.1513,8,0.0,0.0,190302041503
Bristol_Bay_3025485,Bristol_Bay,53.1826,4,0.004620616086,0.26473991641483735,190302041003
Bristol_Bay_3026577,Bristol_Bay,131.8991,4,0.011173499627,0.6401677308780502,190302040901
Bristol_Bay_3028865,Bristol_Bay,90.40859999999999,4,0.003158873564,0.18098952123401213,190302040603
Bristol_Bay_3029305,Bristol_Bay,149.3344,5,0.005730074628,0.3283054993433852,190302040601
Bristol_Bay_3030445,Bristol_Bay,338.6569,6,0.000306451603,0.017558382927267607,190302040305
Bristol_Bay_3030555,Bristol_Bay,492.3986,6,0.0,0.0,190302040604
Bristol_Bay_3030955,Bristol_Bay,781.4748,6,0.0,0.0,190302040907
Bristol_Bay_3031385,Bristol_Bay,1956.6315,7,0.0,0.0,190302040406
Bristol_Bay_3031465,Bristol_Bay,1960.1621,7,0.001063622834,0.06094107640120216,190302040605
Bristol_Bay_3031556,Bristol_Bay,51.4601,5,0.004066382376,0.23298526386356813,190302040902
Bristol_Bay_3031685,Bristol_Bay,3078.3361999999997,8,0.0,0.0,190302040607
Bristol_Bay_3032286,Bristol_Bay,233.8134,5,0.001873193201,0.10732593909971219,190302041108
Bristol_Bay_3032395,Bristol_Bay,4485.855,8,0.0,0.0,190302041001
Bristol_Bay_3033656,Bristol_Bay,81.9891,4,0.00580411559,0.33254759288570945,190302040906
Bristol_Bay_3033796,Bristol_Bay,395.1173,5,0.0,0.0,190302040905
Bristol_Bay_3033946,Bristol_Bay,244.3168,5,0.001248605343,0.07153977925419645,190302040803
Bristol_Bay_3034116,Bristol_Bay,807.1155,7,0.001313070429,0.07523335054719275,190302040705
Bristol_Bay_3034296,Bristol_Bay,537.2677,5,0.001020434458,0.05846656741964318,190302041106
Bristol_Bay_4031228,Bristol_Bay,86.5,5,0.005841651628,0.3346981765248677,190303060803
Bristol_Bay_4031778,Bristol_Bay,143.4629,5,0.0,0.0,190303031004
Bristol_Bay_4032638,Bristol_Bay,75.75319999999999,4,0.0,0.0,190303060702
Bristol_Bay_4032968,Bristol_Bay,268.46659999999997,4,0.0,0.0,190303060402
Bristol_Bay_4033588,Bristol_Bay,202.44039999999998,4,0.0,0.0,190303060502
Bristol_Bay_4033648,Bristol_Bay,304.2784,5,0.0,0.0,190303060504
Bristol_Bay_4033788,Bristol_Bay,757.4956999999999,5,0.0,0.0,190303060403
Bristol_Bay_4033908,Bristol_Bay,1251.4587,7,0.0,0.0,190303060605
Bristol_Bay_4034378,Bristol_Bay,1341.8993,7,0.0,0.0,190303060606
Bristol_Bay_4047920,Bristol_Bay,47.353899999999996,5,0.006789824089,0.3890222858117669,190303010403
Bristol_Bay_4049360,Bristol_Bay,87.6987,4,0.00183240792,0.10498912265446789,190303010401
Bristol_Bay_4050100,Bristol_Bay,59.7806,4,0.010022820468,0.5742460831492743,190303020202
Bristol_Bay_4050230,Bristol_Bay,56.458,4,0.027614237492,1.5817772851148222,190303020207
Bristol_Bay_4050540,Bristol_Bay,96.9915,4,0.017172873212,0.9838364511583241,190303020105
Bristol_Bay_4050550,Bristol_Bay,86.70989999999999,5,0.003662480977,0.2098437642672929,190303020205
Bristol_Bay_4050990,Bristol_Bay,76.1956,4,0.006617473285,0.3791477559218872,190303020201
Bristol_Bay_4051060,Bristol_Bay,150.1143,4,0.00536930952,0.3076358180907689,190303020204
Bristol_Bay_4051080,Bristol_Bay,195.1563,5,0.0,0.0,190303020102
Bristol_Bay_4051090,Bristol_Bay,243.4791,5,0.001361907851,0.0780315237039478,190303020103
Bristol_Bay_4051420,Bristol_Bay,184.0009,4,0.014565037453,0.8344561705793483,190303020106
Bristol_Bay_4051780,Bristol_Bay,412.83,5,0.00795663691,0.45587209409579493,190303020104
Bristol_Bay_4052630,Bristol_Bay,762.7783999999999,5,0.000819985885,0.046981719940994586,190303020107
Bristol_Bay_4053250,Bristol_Bay,1046.6454999999999,5,0.002400863481,0.13755908034527767,190303020203
Bristol_Bay_4054380,Bristol_Bay,143.7841,5,0.002370028884,0.13579239812737723,190303020302
Bristol_Bay_4054660,Bristol_Bay,190.0899,5,0.001803236459,0.10331772658014667,190303010404
Bristol_Bay_4055160,Bristol_Bay,320.51869999999997,6,0.001470324586,0.08424333258488229,190303020206
Bristol_Bay_4055510,Bristol_Bay,1672.0012,6,0.001358189708,0.07781849019647698,190303020208
Bristol_Bay_4055830,Bristol_Bay,477.8399,6,0.004525960599,0.25931666993304797,190303020305
Bristol_Bay_4059867,Bristol_Bay,81.9988,4,0.0,0.0,190303030602
Bristol_Bay_4060207,Bristol_Bay,145.10649999999998,4,0.000346956769,0.019879157739517754,190303060401
Bristol_Bay_4060767,Bristol_Bay,86.46929999999999,4,0.0,0.0,190303060205
Bristol_Bay_4061677,Bristol_Bay,91.5312,5,0.0,0.0,190303030804
Bristol_Bay_4062507,Bristol_Bay,91.6943,5,0.0,0.0,190303031103
Bristol_Bay_4062707,Bristol_Bay,312.1678,5,0.0,0.0,190303060703
Bristol_Bay_4062797,Bristol_Bay,205.0702,5,0.000262917282,0.015064050272547572,190303031104
Bristol_Bay_4062937,Bristol_Bay,49.3716,4,0.001552158577,0.08893206417891236,190303031003
Bristol_Bay_4063287,Bristol_Bay,395.5492,5,0.0,0.0,190303060103
Bristol_Bay_4063447,Bristol_Bay,467.3698,6,0.0,0.0,190303030805
Bristol_Bay_4063637,Bristol_Bay,353.5266,5,0.0,0.0,190303060204
Bristol_Bay_4063687,Bristol_Bay,121.4204,5,0.0,0.0,190303030905
Bristol_Bay_4063777,Bristol_Bay,832.0486999999999,6,0.0,0.0,190303060206
Bristol_Bay_4064097,Bristol_Bay,1199.738,6,0.0,0.0,190303060207
Bristol_Bay_4064277,Bristol_Bay,577.4936,7,0.0,0.0,190303060307
Bristol_Bay_4064797,Bristol_Bay,703.2273,7,0.0,0.0,190303060601
Bristol_Bay_4065007,Bristol_Bay,864.3747999999999,7,0.0,0.0,190303060602
Bristol_Bay_4065316,Bristol_Bay,43.779199999999996,4,0.001931088294,0.11064307158035525,190303030603
Bristol_Bay_4065317,Bristol_Bay,1047.4185,7,0.0,0.0,190303060404
Bristol_Bay_4065337,Bristol_Bay,1107.1526999999999,7,0.0,0.0,190303060604
Bristol_Bay_4065477,Bristol_Bay,3532.1448,6,0.0,0.0,190303040507
Bristol_Bay_4065606,Bristol_Bay,41.917,4,0.002784900497,0.1595626323377569,190303060202
Bristol_Bay_4065827,Bristol_Bay,29780.2205,9,0.0,0.0,190303030906
Bristol_Bay_4065957,Bristol_Bay,30482.8445,9,0.0,0.0,190303031002
Bristol_Bay_4066027,Bristol_Bay,30529.7509,9,0.0,0.0,190303031007
Bristol_Bay_4066267,Bristol_Bay,31241.911699999997,9,0.0,0.0,190303031101
Bristol_Bay_4066507,Bristol_Bay,31363.332599999998,9,0.0,0.0,190303031106
Bristol_Bay_4066577,Bristol_Bay,35214.4916,9,0.0,0.0,190303031108
Bristol_Bay_4066636,Bristol_Bay,54.7566,4,0.003294754545,0.18877484688605956,190303030803
Bristol_Bay_4066776,Bristol_Bay,42.2221,4,0.00419926195,0.2405985725890823,190303060303
Bristol_Bay_4066846,Bristol_Bay,64.61189999999999,5,0.0,0.0,190303060306
Bristol_Bay_4067116,Bristol_Bay,56.185199999999995,4,0.003379305051,0.1936191800872993,190303030703
Bristol_Bay_4067236,Bristol_Bay,76.40129999999999,4,0.001112642177,0.06374967454357285,190303030901
Bristol_Bay_4067386,Bristol_Bay,80.7743,4,0.000454115793,0.0260189165605863,190303040404
Bristol_Bay_4067816,Bristol_Bay,69.6015,4,0.0,0.0,190303030706
Bristol_Bay_4068006,Bristol_Bay,149.4784,5,0.002314896007,0.13263353429676092,190303030702
Bristol_Bay_4068136,Bristol_Bay,125.6198,5,0.001862249938,0.10669893850293553,190303030705
Bristol_Bay_4068386,Bristol_Bay,271.24129999999997,5,0.000265300529,0.015200600257659883,190303030704
Bristol_Bay_4070796,Bristol_Bay,44.8381,4,0.004032422309,0.23103952725819962,190303040402
Bristol_Bay_4071086,Bristol_Bay,106.871,5,0.0,0.0,190303060101
Bristol_Bay_4071296,Bristol_Bay,58.9916,4,0.003088572507,0.17696160667722513,190303060302
Bristol_Bay_4071596,Bristol_Bay,252.268,5,0.0,0.0,190303060102
Bristol_Bay_4072006,Bristol_Bay,96.6888,4,0.0,0.0,190303040401
Bristol_Bay_4072026,Bristol_Bay,55.7589,4,0.002383458183,0.13656183593540014,190303030509
Bristol_Bay_4072656,Bristol_Bay,163.0489,5,0.0,0.0,190303060304
Bristol_Bay_4072876,Bristol_Bay,218.0897,5,0.0,0.0,190303040403
Bristol_Bay_4073126,Bristol_Bay,143.3178,4,0.001590582285,0.09113357504430288,190303030801
Bristol_Bay_4073416,Bristol_Bay,347.8218,5,0.003628927741,0.20792133100703544,190303030604
Bristol_Bay_4073536,Bristol_Bay,207.1307,4,0.001303151187,0.07466502081712813,190303030802
Bristol_Bay_4073586,Bristol_Bay,442.9196,5,0.0,0.0,190303030605
Bristol_Bay_4073646,Bristol_Bay,417.1022,5,0.0,0.0,190303040405
Bristol_Bay_4073786,Bristol_Bay,81.3252,4,0.000608293063,0.03485262091825842,190303060201
Bristol_Bay_4074196,Bristol_Bay,310.5034,5,0.0,0.0,190303060203
Bristol_Bay_4074696,Bristol_Bay,93.4122,5,0.002618322782,0.15001850198918867,190303040503
Bristol_Bay_4075046,Bristol_Bay,111.0736,4,0.004044011452,0.231703525412318,190303060301
Bristol_Bay_4075226,Bristol_Bay,393.7682,6,0.0,0.0,190303060305
Bristol_Bay_4075606,Bristol_Bay,1844.1677,7,0.0,0.0,190303030510
Bristol_Bay_4075766,Bristol_Bay,473.8119,5,0.0,0.0,190303030305
Bristol_Bay_4075956,Bristol_Bay,2839.7277999999997,6,0.0,0.0,190303040504
Bristol_Bay_4076065,Bristol_Bay,34.4263,4,0.005982264705,0.3427544307918918,190303040304
Bristol_Bay_4076106,Bristol_Bay,2989.2743,6,0.0,0.0,190303040505
Bristol_Bay_4076215,Bristol_Bay,52.4719,4,0.0,0.0,190303040303
Bristol_Bay_4076306,Bristol_Bay,25447.0697,9,0.0,0.0,190303030208
Bristol_Bay_4076575,Bristol_Bay,52.480199999999996,4,0.006112670728,0.350225872277736,190303030206
Bristol_Bay_4076616,Bristol_Bay,28364.662699999997,9,0.0,0.0,190303030707
Bristol_Bay_4078585,Bristol_Bay,70.7341,4,0.002410257333,0.13809730530368663,190303030201
Bristol_Bay_4078755,Bristol_Bay,50.0368,4,0.003021255604,0.1731046682417675,190303030303
Bristol_Bay_4080045,Bristol_Bay,80.39229999999999,4,0.000383556443,0.021976164311271706,190303040502
Bristol_Bay_4080345,Bristol_Bay,103.20429999999999,5,0.0,0.0,190303030104
Bristol_Bay_4080505,Bristol_Bay,96.07759999999999,4,0.001263354782,0.07238485852596614,190303030204
Bristol_Bay_4080545,Bristol_Bay,76.5418,4,0.003327989451,0.1906790458523053,190303030304
Bristol_Bay_4080635,Bristol_Bay,51.891,4,0.004170929886,0.23897529332887782,190303030102
Bristol_Bay_4080805,Bristol_Bay,190.798,6,0.003907799248,0.2238992643853885,190303030506
Bristol_Bay_4080875,Bristol_Bay,164.2842,5,0.003455397238,0.19797889034026045,190303030205
Bristol_Bay_4080935,Bristol_Bay,103.464,5,0.0,0.0,190303030101
Bristol_Bay_4080945,Bristol_Bay,174.9072,4,0.001870702851,0.10718325305520078,190303030405
Bristol_Bay_4081035,Bristol_Bay,109.8078,4,0.0,0.0,190303030501
Bristol_Bay_4081285,Bristol_Bay,168.3041,5,0.001323545001,0.0758334982719753,190303030105
Bristol_Bay_4082701,Bristol_Bay,30.5566,4,0.016667227867,0.9548733993531491,190303020504
Bristol_Bay_4082741,Bristol_Bay,65.2092,4,0.00456733859,0.2616874051738477,190303020802
Bristol_Bay_4082971,Bristol_Bay,46.532,3,0.006912199171,0.39603353243678796,190303020704
Bristol_Bay_4083101,Bristol_Bay,42.2266,4,0.009815252316,0.5623544741041268,190303020501
Bristol_Bay_4083421,Bristol_Bay,56.5597,4,0.006445121435,0.3692731435797399,190303010107
Bristol_Bay_4083471,Bristol_Bay,61.767199999999995,4,0.004846349931,0.27767322318980475,190303010406
Bristol_Bay_4083715,Bristol_Bay,63.7305,5,0.0,0.0,190303030406
Bristol_Bay_4083781,Bristol_Bay,80.83829999999999,4,0.007292976663,0.41784937485996454,190303020706
Bristol_Bay_4084075,Bristol_Bay,151.2069,5,0.0,0.0,190303040501
Bristol_Bay_4084241,Bristol_Bay,57.922999999999995,3,0.005403773623,0.309610408444774,190303010604
Bristol_Bay_4084271,Bristol_Bay,74.3673,4,0.007202588517,0.4126707876126907,190303020505
Bristol_Bay_4084315,Bristol_Bay,172.02689999999998,5,0.0,0.0,190303030407
Bristol_Bay_4084581,Bristol_Bay,59.885,3,0.00366382672,0.20992086862686218,190303010105
Bristol_Bay_4084915,Bristol_Bay,80.8575,4,0.0,0.0,190303040302
Bristol_Bay_4084941,Bristol_Bay,83.4901,3,0.001361907851,0.0780315237039478,190303010408
Bristol_Bay_4084971,Bristol_Bay,55.6305,4,0.00365277453,0.20928763326018437,190303010301
Bristol_Bay_4085325,Bristol_Bay,569.9406,5,0.005339620684,0.30593482185750415,190303030404
Bristol_Bay_4085365,Bristol_Bay,104.6004,5,0.001871218075,0.10721277311256987,190303030203
Bristol_Bay_4085381,Bristol_Bay,93.24459999999999,4,0.005055014315,0.28962851866896017,190303020801
Bristol_Bay_4085545,Bristol_Bay,968.4019999999999,6,0.000745015492,0.042686235465825985,190303030408
Bristol_Bay_4085681,Bristol_Bay,113.2618,5,0.001645560905,0.09428360968568185,190303011401
Bristol_Bay_4085931,Bristol_Bay,187.35899999999998,5,0.0,0.0,190303011402
Bristol_Bay_4086155,Bristol_Bay,177.17,5,0.001057235456,0.06057510701118491,190303030202
Bristol_Bay_4086161,Bristol_Bay,123.87899999999999,4,0.004397582497,0.25196129294312036,190303020804
Bristol_Bay_4086175,Bristol_Bay,72.7119,4,0.003302487352,0.18921789927013782,190303030103
Bristol_Bay_4086405,Bristol_Bay,133.8142,4,0.004066382376,0.23298526386356813,190303030502
Bristol_Bay_4086601,Bristol_Bay,203.4513,5,0.005725678059,0.32805360275971357,190303020502
Bristol_Bay_4086751,Bristol_Bay,164.6105,5,0.001989979036,0.11401724957907207,190303020604
Bristol_Bay_4086795,Bristol_Bay,1334.3182,6,0.001635533319,0.0937090728754876,190303030503
Bristol_Bay_4086803,Bristol_Bay,44.9604,4,0.0,0.0,190303021201
Bristol_Bay_4087015,Bristol_Bay,1174.8091,6,0.00077316741,0.0442992206228838,190303040205
Bristol_Bay_4087071,Bristol_Bay,236.3413,5,0.01141543528,0.6540278545745094,190303020307
Bristol_Bay_4087083,Bristol_Bay,47.963899999999995,4,0.002925756555,0.16763302416955833,190303011008
Bristol_Bay_4087121,Bristol_Bay,259.6885,5,0.004144517885,0.23746202330256683,190303011403
Bristol_Bay_4087165,Bristol_Bay,120.3124,4,0.001198461888,0.06866677521408045,190303030301
Bristol_Bay_4087635,Bristol_Bay,236.3852,5,0.004163056034,0.2385241626741256,190303030302
Bristol_Bay_4087653,Bristol_Bay,42.1988,4,0.003371439741,0.19316853615398846,190303011005
Bristol_Bay_4087663,Bristol_Bay,46.387299999999996,4,0.002396830613,0.1373280153592005,190303011503
Bristol_Bay_4088003,Bristol_Bay,97.3626,5,0.001938060375,0.11104254090103194,190303011504
Bristol_Bay_4088421,Bristol_Bay,54.9011,3,0.002173174065,0.12451350605932514,190303010306
Bristol_Bay_4088675,Bristol_Bay,2216.1895,6,0.000753366096,0.04316468956285829,190303040305
Bristol_Bay_4088693,Bristol_Bay,68.7491,4,0.001844569102,0.10568590470179856,190303021007
Bristol_Bay_4088865,Bristol_Bay,11058.9718,8,0.00147623014,0.08458169517033629,190303021708
Bristol_Bay_4088913,Bristol_Bay,87.5261,4,0.002497400795,0.14309022782151581,190303021302
Bristol_Bay_4088915,Bristol_Bay,24118.264199999998,9,0.0,0.0,190303030106
Bristol_Bay_4088983,Bristol_Bay,73.9316,4,0.001639971769,0.09396337664596495,190303011006
Bristol_Bay_4088993,Bristol_Bay,91.5192,4,0.002692183231,0.1542503641517183,190303011004
Bristol_Bay_4089123,Bristol_Bay,98.40299999999999,5,0.0,0.0,190303011002
Bristol_Bay_4089253,Bristol_Bay,97.8282,4,0.001330074364,0.07620760255620071,190303010909
Bristol_Bay_4089301,Bristol_Bay,318.56399999999996,5,0.001715728753,0.09830391987631217,190303010203
Bristol_Bay_4089531,Bristol_Bay,48.3476,4,0.0,0.0,190303010104
Bristol_Bay_4089543,Bristol_Bay,190.3081,5,0.001288856322,0.07384598675960348,190303011009
Bristol_Bay_4089671,Bristol_Bay,52.113499999999995,4,0.007724222075,0.44255652355319747,190303020805
Bristol_Bay_4089713,Bristol_Bay,288.6739,5,0.000651123329,0.03730661342201838,190303011007
Bristol_Bay_4090011,Bristol_Bay,156.7873,5,0.05,2.862405226111748,190303010101
Bristol_Bay_4090071,Bristol_Bay,164.285,5,0.0,0.0,190303020401
Bristol_Bay_4090301,Bristol_Bay,117.6733,4,0.00180751056,0.10356261373048024,190303010302
Bristol_Bay_4090543,Bristol_Bay,76.4482,4,0.00354030869,0.2028438986460085,190303011705
Bristol_Bay_4090891,Bristol_Bay,253.654,5,0.004842733457,0.27746601935587395,190303020403
Bristol_Bay_4090901,Bristol_Bay,327.8168,5,0.001428322629,0.08183680277285565,190303010103
Bristol_Bay_4091171,Bristol_Bay,570.2552,5,0.001340518877,0.07680602800316201,190303010106
Bristol_Bay_4091511,Bristol_Bay,149.1985,5,0.004331827581,0.24819388554700042,190303020601
Bristol_Bay_4091601,Bristol_Bay,52.8863,4,0.0,0.0,190303020702
Bristol_Bay_4091781,Bristol_Bay,278.4669,5,0.001272297333,0.07289722813276905,190303010405
Bristol_Bay_4092121,Bristol_Bay,68.351,3,0.003620683983,0.20744900467230934,190303010108
Bristol_Bay_4092553,Bristol_Bay,112.5448,4,0.003523015257,0.20185307028008273,190303011204
Bristol_Bay_4092891,Bristol_Bay,768.1556999999999,5,0.0,0.0,190303010109
Bristol_Bay_4093211,Bristol_Bay,343.63759999999996,6,0.0,0.0,190303020304
Bristol_Bay_4093483,Bristol_Bay,129.19469999999998,4,0.001184463531,0.0678647295764468,190303020901
Bristol_Bay_4093503,Bristol_Bay,47.9037,4,0.00551203023,0.31581287036098704,190303010908
Bristol_Bay_4093581,Bristol_Bay,129.7995,4,0.002873646631,0.16464737055846615,190303010305
Bristol_Bay_4093591,Bristol_Bay,111.1811,4,0.00162016328,0.09282843684344214,190303010303
Bristol_Bay_4093594,Bristol_Bay,43.5094,3,0.00046847867,0.02684184861922174,190303040204
Bristol_Bay_4093883,Bristol_Bay,67.85929999999999,4,0.001405105217,0.08050654572402914,190303020902
Bristol_Bay_4093891,Bristol_Bay,1652.2038,6,0.0,0.0,190303010304
Bristol_Bay_4094161,Bristol_Bay,1920.8799999999999,6,0.000874692422,0.05011617137160428,190303010307
Bristol_Bay_4094233,Bristol_Bay,132.7029,5,0.00358251238,0.20526196129267987,190303021303
Bristol_Bay_4094251,Bristol_Bay,176.0387,5,0.001455948116,0.08341962329297054,190303010402
Bristol_Bay_4094411,Bristol_Bay,43.072199999999995,5,0.005150056716,0.2950739053415791,190303020701
Bristol_Bay_4094434,Bristol_Bay,52.071799999999996,4,0.003679491352,0.21081837382872992,190303040201
Bristol_Bay_4094553,Bristol_Bay,159.5558,5,0.0,0.0,190303021304
Bristol_Bay_4094563,Bristol_Bay,98.94879999999999,4,0.003270107071,0.18736266586560804,190303011601
Bristol_Bay_4094641,Bristol_Bay,202.3672,5,0.001710908338,0.09802773125205194,190303020603
Bristol_Bay_4094673,Bristol_Bay,60.754799999999996,3,0.004101536205,0.23499939630562727,190303011703
Bristol_Bay_4094921,Bristol_Bay,622.3883999999999,6,0.001482451243,0.08493813733609587,190303010407
Bristol_Bay_4094964,Bristol_Bay,32.847699999999996,3,0.003428670383,0.19644757249162983,190303040202
Bristol_Bay_4095041,Bristol_Bay,191.13209999999998,5,0.000636555656,0.0364719475877999,190303020703
Bristol_Bay_4095204,Bristol_Bay,52.3015,4,0.002727549134,0.15627666625218053,190303021602
Bristol_Bay_4095221,Bristol_Bay,828.938,6,0.000443021123,0.02538323892240944,190303010409
Bristol_Bay_4095343,Bristol_Bay,101.6785,4,0.0,0.0,190303011502
Bristol_Bay_4095504,Bristol_Bay,63.6967,4,0.003710754725,0.21260960869742412,190303030401
Bristol_Bay_4095633,Bristol_Bay,256.8977,4,0.0,0.0,190303021402
Bristol_Bay_4095641,Bristol_Bay,1872.8245,6,0.001493849995,0.08559123627105725,190303020209
Bristol_Bay_4095783,Bristol_Bay,210.49159999999998,5,0.003850513405,0.22061707674641676,190303011602
Bristol_Bay_4095964,Bristol_Bay,58.249399999999994,4,0.005793264881,0.33192591395912574,190303021607
Bristol_Bay_4096454,Bristol_Bay,63.3384,4,0.002751442326,0.1576456350389238,190303040301
Bristol_Bay_4096461,Bristol_Bay,851.0907,6,0.004773720157,0.27351193995171286,190303020308
Bristol_Bay_4096733,Bristol_Bay,309.7763,5,0.001697973132,0.09728660069420186,190303011603
Bristol_Bay_4096891,Bristol_Bay,1186.3120999999999,6,0.006043778151,0.34627876420258397,190303020503
Bristol_Bay_4096973,Bristol_Bay,365.37899999999996,4,0.001022070379,0.058560298690802336,190303021403
Bristol_Bay_4097024,Bristol_Bay,55.727799999999995,4,0.005711358025,0.3272331520789695,190303011803
Bristol_Bay_4097073,Bristol_Bay,99.5829,4,0.002267886607,0.12994010822157853,190303021301
Bristol_Bay_4097174,Bristol_Bay,37.5649,3,0.000995049879,0.05701213965534065,190303012001
Bristol_Bay_4097194,Bristol_Bay,55.39,4,0.0,0.0,190303030402
Bristol_Bay_4097353,Bristol_Bay,965.1962,6,0.002781346252,0.15935899067726425,190303011109
Bristol_Bay_4097543,Bristol_Bay,135.45159999999998,5,0.003578217795,0.2050159028516467,190303021103
Bristol_Bay_4097644,Bristol_Bay,85.30749999999999,4,0.001663542025,0.09531384915225005,190303021504
Bristol_Bay_4097654,Bristol_Bay,94.6592,4,0.002266773265,0.12987631875175185,190303040203
Bristol_Bay_4097691,Bristol_Bay,1745.2993999999999,6,0.002550161457,0.14611317182317615,190303020506
Bristol_Bay_4097764,Bristol_Bay,62.927099999999996,4,0.0,0.0,190303021603
Bristol_Bay_4097783,Bristol_Bay,174.86499999999998,5,0.0,0.0,190303011410
Bristol_Bay_4097903,Bristol_Bay,275.5112,5,0.001988281906,0.11392001157752282,190303010803
Bristol_Bay_4097911,Bristol_Bay,3767.2812,7,0.0,0.0,190303020705
Bristol_Bay_4097981,Bristol_Bay,4466.804999999999,7,0.000939876393,0.053850934726158574,190303020605
Bristol_Bay_4098024,Bristol_Bay,167.4902,5,0.001943969908,0.11138113092517288,190303021505
Bristol_Bay_4098063,Bristol_Bay,89.74929999999999,4,0.004013550597,0.229958275307881,190303021202
Bristol_Bay_4098071,Bristol_Bay,4681.4673999999995,7,0.000697019363,0.03993626127130689,190303020707
Bristol_Bay_4098081,Bristol_Bay,4683.9892,7,0.001542243108,0.08836395101329082,190303020708
Bristol_Bay_4098264,Bristol_Bay,84.7564,4,0.002042657047,0.11703546501114699,190303012004
Bristol_Bay_4098514,Bristol_Bay,273.3696,5,0.00313348275,0.17953474915345838,190303030403
Bristol_Bay_4098534,Bristol_Bay,134.2087,5,0.002849661836,0.16327315428609185,190303021601
Bristol_Bay_4098664,Bristol_Bay,175.4047,5,0.003800300517,0.21774013228791075,190303021101
Bristol_Bay_4098683,Bristol_Bay,102.7171,5,0.0,0.0,190303011702
Bristol_Bay_4099023,Bristol_Bay,177.4144,5,0.0,0.0,190303021203
Bristol_Bay_4099143,Bristol_Bay,1211.5427,6,0.000429171393,0.02458970799694007,190303011411
Bristol_Bay_4099193,Bristol_Bay,243.5703,5,0.004214444052,0.24146842756344672,190303021204
Bristol_Bay_4099444,Bristol_Bay,149.1997,5,0.001605975515,0.09201553990338442,190303012002
Bristol_Bay_4099464,Bristol_Bay,173.0562,4,0.001778151371,0.10188046151781992,190303011801
Bristol_Bay_4099573,Bristol_Bay,432.52119999999996,6,0.0,0.0,190303021205
Bristol_Bay_4099603,Bristol_Bay,153.75889999999998,5,0.003451779686,0.19777162235063353,190303011701
Bristol_Bay_4099614,Bristol_Bay,300.93489999999997,5,0.00086347447,0.04947343055269671,190303012003
Bristol_Bay_4099663,Bristol_Bay,216.68089999999998,5,0.001308448272,0.07496852091384754,190303011003
Bristol_Bay_4100073,Bristol_Bay,1594.7287,7,0.0,0.0,190303021305
Bristol_Bay_4100083,Bristol_Bay,1597.6200999999999,7,0.00102174432,0.05854161690573937,190303021501
Bristol_Bay_4100703,Bristol_Bay,1641.2004,7,0.000416335491,0.023854265117545334,190303011205
Bristol_Bay_4101113,Bristol_Bay,3922.0629,7,0.0,0.0,190303011505
Bristol_Bay_4101204,Bristol_Bay,44.209399999999995,4,0.004473242409,0.2562962012968363,190303021605
Bristol_Bay_4101393,Bristol_Bay,4368.3552,7,0.002476180609,0.14187440824206274,190303011704
Bristol_Bay_4101523,Bristol_Bay,4583.0922,7,0.002323332055,0.13311688164334573,190303011706
Bristol_Bay_4101873,Bristol_Bay,178.4408,5,0.00211051045,0.1209231618626291,190303010905
Bristol_Bay_4101893,Bristol_Bay,6314.5206,7,0.00061094356,0.035004483153533175,190303021005
Bristol_Bay_4102104,Bristol_Bay,79.7828,4,0.002207579358,0.12648477468328737,190303021705
Bristol_Bay_4102114,Bristol_Bay,122.88749999999999,5,0.001434145706,0.08217043982530185,190303040101
Bristol_Bay_4102223,Bristol_Bay,6769.1329,7,0.003383367796,0.19385195556761328,190303020903
Bristol_Bay_4102243,Bristol_Bay,5481.987999999999,7,0.00037490384,0.021480406748870185,190303010910
Bristol_Bay_4102343,Bristol_Bay,6913.3478,7,0.000940872989,0.05390803542034379,190303021008
Bristol_Bay_4102584,Bristol_Bay,67.1754,4,0.004558350072,0.2611724117503043,190303040102
Bristol_Bay_4103034,Bristol_Bay,112.2256,4,0.001895542741,0.10860646886875798,190303021704
Bristol_Bay_4103704,Bristol_Bay,67.399,5,0.002268748483,0.12998948982476077,190303021604
Bristol_Bay_4103902,Bristol_Bay,43.9494,3,0.00485992477,0.2784509858534634,190303010702
Bristol_Bay_4104714,Bristol_Bay,476.542,6,0.00167949717,0.09622800906810745,190303021606
Bristol_Bay_4104892,Bristol_Bay,48.675399999999996,4,0.004856761742,0.27826976197609943,190303021004
Bristol_Bay_4105102,Bristol_Bay,43.3473,3,0.003546402121,0.20319302214168777,190303010601
Bristol_Bay_4105104,Bristol_Bay,655.7407999999999,6,0.001096686441,0.06283547932734439,190303021608
Bristol_Bay_4105514,Bristol_Bay,44.450399999999995,4,0.007106781187,0.4071817129445433,190303040103
Bristol_Bay_4105594,Bristol_Bay,109.44709999999999,5,0.0,0.0,190303040104
Bristol_Bay_4105772,Bristol_Bay,80.29639999999999,4,0.002630541951,0.1507186039799829,190303010202
Bristol_Bay_4105804,Bristol_Bay,554.1744,6,0.0,0.0,190303040105
Bristol_Bay_4105894,Bristol_Bay,271.755,5,0.003263841894,0.18700370149687737,190303021104
Bristol_Bay_4105964,Bristol_Bay,287.2129,5,0.00492278404,0.28205247055977634,190303021102
Bristol_Bay_4106064,Bristol_Bay,592.9327,6,0.0,0.0,190303040106
Bristol_Bay_4106152,Bristol_Bay,66.9253,4,0.0,0.0,190303010906
Bristol_Bay_4106264,Bristol_Bay,679.7124,6,0.001935179403,0.11087747398361962,190303021105
Bristol_Bay_4106382,Bristol_Bay,130.237,4,0.003351408211,0.19202082699599934,190303010201
Bristol_Bay_4106462,Bristol_Bay,111.8834,4,0.002761423749,0.1582175241051847,190303021401
Bristol_Bay_4106674,Bristol_Bay,58.997499999999995,4,0.003950428678,0.22634171310069873,190303012005
Bristol_Bay_4106762,Bristol_Bay,80.8634,4,0.004150775579,0.23782055659041137,190303010701
Bristol_Bay_4106774,Bristol_Bay,345.2897,5,0.000774194414,0.0443580635824045,190303021703
Bristol_Bay_4106792,Bristol_Bay,97.53869999999999,5,0.0,0.0,190303021001
Bristol_Bay_4106924,Bristol_Bay,175.76559999999998,5,0.0,0.0,190303012006
Bristol_Bay_4106982,Bristol_Bay,98.52,5,0.0,0.0,190303010801
Bristol_Bay_4107112,Bristol_Bay,81.7749,5,0.006741921149,0.386277775159576,190303011409
Bristol_Bay_4107154,Bristol_Bay,5340.8121,7,0.0,0.0,190303011804
Bristol_Bay_4107234,Bristol_Bay,6472.263599999999,7,0.000807941494,0.04629162762710919,190303011010
Bristol_Bay_4107454,Bristol_Bay,9398.493699999999,8,0.0,0.0,190303021609
Bristol_Bay_4107464,Bristol_Bay,9400.306499999999,8,0.0,0.0,190303021506
Bristol_Bay_4107502,Bristol_Bay,100.7436,5,0.000787189597,0.045102632268494446,190303021006
Bristol_Bay_4107604,Bristol_Bay,12512.3521,8,0.000500589439,0.02868165972774474,190303012007
Bristol_Bay_4107732,Bristol_Bay,126.0466,4,0.001555673935,0.08913347886944258,190303010907
Bristol_Bay_4107994,Bristol_Bay,12980.3825,8,0.0,0.0,190303012008
Bristol_Bay_4108004,Bristol_Bay,10832.6071,8,0.0,0.0,190303021706
Bristol_Bay_4108152,Bristol_Bay,203.05069999999998,5,0.004194225528,0.24031001194695595,190303021002
Bristol_Bay_4108222,Bristol_Bay,217.596,5,0.003391242181,0.1943031194177925,190303010802
Bristol_Bay_4108322,Bristol_Bay,280.167,4,0.001484479797,0.08505436466303222,190303010703
Bristol_Bay_4110112,Bristol_Bay,52.6006,4,0.004930916185,0.28251839683683666,190303010901
Bristol_Bay_4110612,Bristol_Bay,46.233399999999996,5,0.002773022693,0.1588820895542597,190303010502
Bristol_Bay_4111042,Bristol_Bay,71.00739999999999,4,0.00473895569,0.2715201277760614,190303010504
Bristol_Bay_4111152,Bristol_Bay,83.45009999999999,4,0.003707746143,0.21243723201815645,190303020803
Bristol_Bay_4111632,Bristol_Bay,71.4264,4,0.005054305219,0.2895878914988979,190303010605
Bristol_Bay_4111942,Bristol_Bay,263.4671,5,0.000637660037,0.03653522393239006,190303010606
Bristol_Bay_4112382,Bristol_Bay,101.2498,4,0.008343567154,0.4780400912758011,190303020807
Bristol_Bay_4113292,Bristol_Bay,249.7175,5,0.003157799768,0.18092799786885524,190303020806
Bristol_Bay_4114302,Bristol_Bay,711.2737999999999,6,0.000848815853,0.04863355428072934,190303020808
Bristol_Bay_4114312,Bristol_Bay,96.53269999999999,4,0.004790564044,0.27447700151750515,190303010602
Bristol_Bay_4114362,Bristol_Bay,183.5462,5,0.00279716667,0.1602654268067489,190303010902
Bristol_Bay_4115902,Bristol_Bay,258.6577,5,0.0,0.0,190303011303
Bristol_Bay_4116302,Bristol_Bay,82.7141,4,0.002544912381,0.14581242387387092,190303010607
Bristol_Bay_4116442,Bristol_Bay,591.1027,6,0.001660765319,0.09515475605703672,190303011304
Bristol_Bay_4116692,Bristol_Bay,752.2393,6,0.0,0.0,190303011405
Bristol_Bay_4117142,Bristol_Bay,878.3082999999999,6,0.001925256703,0.11030894727043351,190303011407
Bristol_Bay_4117812,Bristol_Bay,97.8664,5,0.002389693629,0.1369190986397036,190303010501
Bristol_Bay_4118242,Bristol_Bay,362.52349999999996,6,0.0,0.0,190303010505
Bristol_Bay_4118552,Bristol_Bay,519.1241,6,0.001847995073,0.10588219771171731,190303010603
Bristol_Bay_4119022,Bristol_Bay,1088.5249999999999,6,0.017957294848,1.0287666355512508,190303010608
Bristol_Bay_4119372,Bristol_Bay,1265.5171,6,0.001430375986,0.08195445122242884,190303010609
Bristol_Bay_4119432,Bristol_Bay,4363.2153,7,0.001047861015,0.06003799170164182,190303010903
Bristol_Bay_4119632,Bristol_Bay,4935.8254,7,0.001545865703,0.08857150992283376,190303020709
Bristol_Bay_4119952,Bristol_Bay,5086.3025,7,0.001988693433,0.11394359024454652,190303020710
Bristol_Bay_4120132,Bristol_Bay,6121.1649,7,0.001507037737,0.08634683652784683,190303021003
Bristol_Bay_5002498,Bristol_Bay,56.759,4,0.00759759602,0.4353018108106599,190303052001
Bristol_Bay_5007067,Bristol_Bay,8.544699999999999,2,0.003536042033,0.20259944026757631,190303051505
Bristol_Bay_5007887,Bristol_Bay,47.925999999999995,4,0.011382347512,0.652132311411654,190303051504
Bristol_Bay_5007917,Bristol_Bay,58.8996,3,0.002699665174,0.15467904479251976,190303051401
Bristol_Bay_5008157,Bristol_Bay,6.1194999999999995,2,0.0,0.0,190303052002
Bristol_Bay_5008427,Bristol_Bay,51.211299999999994,4,0.001411619483,0.0808797849321392,190303051904
Bristol_Bay_5008497,Bristol_Bay,93.9581,4,0.00147623014,0.08458169517033629,190303051501
Bristol_Bay_5008737,Bristol_Bay,173.0836,4,0.00202612325,0.11608815214442729,190303051502
Bristol_Bay_5008887,Bristol_Bay,54.247099999999996,4,0.006789824089,0.3890222858117669,190303051902
Bristol_Bay_5011650,Bristol_Bay,120.3797,5,0.006951837843,0.3983045519185661,190303050101
Bristol_Bay_5012050,Bristol_Bay,100.11359999999999,4,0.013889376043,0.7957514592304276,190303050102
Bristol_Bay_5017441,Bristol_Bay,47.9764,4,0.006289507962,0.3603575098232886,190303050201
Bristol_Bay_5018456,Bristol_Bay,17.4108,3,0.003431457505,0.1966072609404291,190303051907
Bristol_Bay_5018896,Bristol_Bay,47.0697,4,0.00346629553,0.1986033089968074,190303051903
Bristol_Bay_5018936,Bristol_Bay,18.7591,3,0.0,0.0,190303051805
Bristol_Bay_5019001,Bristol_Bay,147.4443,4,0.001931088294,0.11064307158035525,190303050202
Bristol_Bay_5019146,Bristol_Bay,50.9741,4,0.002504990554,0.14352508625926955,190303051803
Bristol_Bay_5019161,Bristol_Bay,361.2492,5,0.007147866989,0.4095356364203554,190303050103
Bristol_Bay_5019176,Bristol_Bay,71.5877,5,0.002908263794,0.1666307713203706,190303051901
Bristol_Bay_5019446,Bristol_Bay,41.3109,4,0.005725173953,0.3280247205602594,190303051801
Bristol_Bay_5019751,Bristol_Bay,581.9191,5,0.003508875568,0.20104293579154767,190303050105
Bristol_Bay_5019921,Bristol_Bay,995.8226999999999,6,0.000582333612,0.03336525446468494,190303050204
Bristol_Bay_5020386,Bristol_Bay,49.6678,4,0.002852949594,0.16346152741208902,190303051304
Bristol_Bay_5020786,Bristol_Bay,352.36969999999997,5,0.002406371155,0.1378746449972751,190303051003
Bristol_Bay_5021296,Bristol_Bay,326.4131,5,0.0,0.0,190303051303
Bristol_Bay_5021406,Bristol_Bay,273.67519999999996,5,0.001568146488,0.0898481017727186,190303051602
Bristol_Bay_5021776,Bristol_Bay,252.86599999999999,5,0.0,0.0,190303051804
Bristol_Bay_5021956,Bristol_Bay,545.2982999999999,5,0.0,0.0,190303051305
Bristol_Bay_5022016,Bristol_Bay,55.191599999999994,3,0.0,0.0,190303051203
Bristol_Bay_5022046,Bristol_Bay,441.3828,5,0.0,0.0,190303051204
Bristol_Bay_5022406,Bristol_Bay,550.4941,6,0.0,0.0,190303051604
Bristol_Bay_5022456,Bristol_Bay,653.9059,5,0.0,0.0,190303051707
Bristol_Bay_5026052,Bristol_Bay,67.4765,4,0.01936336134,1.1093002555697808,190303050401
Bristol_Bay_5027312,Bristol_Bay,41.0295,4,0.003572711573,0.2047004236030556,190303050403
Bristol_Bay_5028352,Bristol_Bay,159.74169999999998,5,0.002856645258,0.16367327163609968,190303050502
Bristol_Bay_5028502,Bristol_Bay,72.0041,4,0.00836837768,0.47946153045491047,190303050602
Bristol_Bay_5028612,Bristol_Bay,43.181,3,0.0,0.0,190303050402
Bristol_Bay_5029122,Bristol_Bay,470.0096,6,0.0,0.0,190303050503
Bristol_Bay_5029572,Bristol_Bay,54.8641,4,0.003812730561,0.2184523110291065,190303050301
Bristol_Bay_5030363,Bristol_Bay,73.6221,4,0.001145135612,0.06561140885821587,190303050801
Bristol_Bay_5030514,Bristol_Bay,66.5518,5,0.000892428268,0.05113235970015486,190303050802
Bristol_Bay_5030574,Bristol_Bay,62.5426,4,0.003886827695,0.2226977011593043,190303051701
Bristol_Bay_5030704,Bristol_Bay,44.456599999999995,4,0.001957822073,0.11217479849608407,190303050702
Bristol_Bay_5031154,Bristol_Bay,127.70129999999999,5,0.0,0.0,190303051001
Bristol_Bay_5031214,Bristol_Bay,173.51049999999998,5,0.000880525521,0.050450383068376306,190303051702
Bristol_Bay_5032313,Bristol_Bay,118.6515,5,0.003790064347,0.21715365139586199,190303050901
Bristol_Bay_5032395,Bristol_Bay,54.489799999999995,4,0.001910024876,0.10943623107835654,190303051302
Bristol_Bay_5032404,Bristol_Bay,69.8891,4,0.0,0.0,190303050701
Bristol_Bay_5032723,Bristol_Bay,504.8212,6,0.004270910049,0.24470363264199593,190303050504
Bristol_Bay_5032944,Bristol_Bay,271.8575,6,0.002887885054,0.16546316533314703,190303050803
Bristol_Bay_5033043,Bristol_Bay,156.7662,4,0.001789867492,0.10255174366689408,190303050304
Bristol_Bay_5033045,Bristol_Bay,56.137899999999995,4,0.006953477926,0.3983985172102866,190303051101
Bristol_Bay_5033104,Bristol_Bay,248.5325,5,0.002092738832,0.11990492765350065,190303050703
Bristol_Bay_5033175,Bristol_Bay,54.2667,4,0.002806827113,0.16081892507325316,190303051103
Bristol_Bay_5033213,Bristol_Bay,664.7805999999999,6,0.000901040878,0.0516258255069319,190303050506
Bristol_Bay_5033295,Bristol_Bay,113.8472,5,0.003336607352,0.1911728097250048,190303051301
Bristol_Bay_5033373,Bristol_Bay,145.9731,5,0.005132078828,0.29404387545893296,190303050302
Bristol_Bay_5033474,Bristol_Bay,3630.7268999999997,7,0.002534478788,0.14521462688564177,190303050902
Bristol_Bay_5033733,Bristol_Bay,84.1602,4,0.008449253178,0.4840950275276735,190303050604
Bristol_Bay_5033883,Bristol_Bay,295.6663,5,0.0,0.0,190303050603
Bristol_Bay_5034213,Bristol_Bay,267.4671,5,0.002878377146,0.16491840686102724,190303050303
Bristol_Bay_5034423,Bristol_Bay,475.1638,5,0.001681920448,0.09636685227789248,190303050605
Bristol_Bay_5034833,Bristol_Bay,548.9641,5,0.002469017924,0.1414640191305981,190303050305
Bristol_Bay_5034953,Bristol_Bay,1335.1214,6,0.0,0.0,190303050404
Bristol_Bay_5035463,Bristol_Bay,1577.7004,6,0.0,0.0,190303050406
Bristol_Bay_5035645,Bristol_Bay,231.40269999999998,5,0.005320420723,0.304834776376747,190303051002
Bristol_Bay_5035693,Bristol_Bay,2262.0224,6,0.001183261209,0.06779584169677952,190303050407
Bristol_Bay_5035695,Bristol_Bay,158.1445,4,0.001325171324,0.07592667955256739,190303051201
Bristol_Bay_5035935,Bristol_Bay,285.5605,5,0.001221033851,0.06996005153655414,190303051202
Bristol_Bay_5036715,Bristol_Bay,150.3474,5,0.006222361897,0.35651047424968385,190303051601
Bristol_Bay_5037715,Bristol_Bay,122.3975,4,0.0,0.0,190303051603
Bristol_Bay_5037825,Bristol_Bay,328.0251,5,0.002482358422,0.14222836867786667,190303051703
Bristol_Bay_5038205,Bristol_Bay,394.18809999999996,5,0.001703336747,0.09759391230781918,190303051704
Bristol_Bay_5038485,Bristol_Bay,67.9247,5,0.002625738491,0.15044338789587433,190303050903
Bristol_Bay_5038685,Bristol_Bay,4381.3449,7,0.00262177244,0.1502161514765576,190303050904
Kodiak_13958,Kodiak,10.6444,4,0.050241207385931054,2.8761907609505597,190207011904
Kodiak_14049,Kodiak,35.4373,5,0.00484445998334767,0.2775649397080997,190207012000
Kodiak_14069,Kodiak,42.577799999999996,4,0.0008841414313449313,0.050657559308949066,190207012100
Kodiak_14458,Kodiak,27.6238,5,0.003926100926292996,0.22494785722152066,190207011905
Kodiak_14658,Kodiak,35.994099999999996,4,0.0028398438722820572,0.16271063095393257,190207011005
Kodiak_14858,Kodiak,21.6369,4,0.035355339059327376,2.02486829727734,190207011004
Kodiak_14958,Kodiak,24.4351,4,0.0,0.0,190207011903
Kodiak_15261,Kodiak,13.368699999999999,4,0.0744701502894405,4.258963795866394,190207010103
Kodiak_45317,Kodiak,7.2481,3,0.018123273572878913,1.0382734219527154,190207011706
Kodiak_45537,Kodiak,9.670399999999999,4,0.006358118994351539,0.36428847520179497,190207011803
Kodiak_46167,Kodiak,8.9164,3,0.0,0.0,190207011804
Kodiak_46907,Kodiak,14.2295,3,0.020710678118654752,1.1864648288002622,190207011003
Kodiak_47187,Kodiak,12.388399999999999,4,0.0,0.0,190207011902
Kodiak_47207,Kodiak,28.7501,5,0.0031447539811384397,0.18018053676396809,190207011806
Kodiak_47797,Kodiak,28.383499999999998,4,0.04177120772734653,2.391923385060426,190207011805
Kodiak_48057,Kodiak,50.607299999999995,5,0.0,0.0,190207011107
Kodiak_48067,Kodiak,23.9968,4,0.013865182121102009,0.794365516519159,190207010907
Kodiak_48197,Kodiak,53.3429,4,0.03307218138173136,1.8942060057291745,190207011108
Kodiak_48267,Kodiak,80.5581,5,0.00626999986816652,0.35923982245666736,190207010901
Kodiak_48707,Kodiak,18.593799999999998,4,0.0,0.0,190207011802
Kodiak_48997,Kodiak,39.9056,4,0.006360925138277936,0.3644492489032291,190207010908
Kodiak_49617,Kodiak,294.1329,5,0.0091129153408481,0.5221171352988394,190207010906
Kodiak_49707,Kodiak,59.305499999999995,5,0.0032037724101704073,0.18356200958847027,190207011001
Kodiak_49837,Kodiak,65.9897,5,0.007921825799545161,0.4538776900968356,190207011002
Kodiak_50207,Kodiak,49.3996,4,0.0,0.0,190207010902
Kodiak_63603,Kodiak,22.9496,5,0.03711203567419047,2.125387603682357,190207011402
Kodiak_63943,Kodiak,28.4865,5,0.023266110349758395,1.3328094748924617,190207011407
Kodiak_63963,Kodiak,20.039199999999997,4,0.21213203435596426,11.976725812374069,190207010205
Kodiak_64263,Kodiak,28.3559,4,0.04768589245763655,2.7301322439046096,190207010207
Kodiak_64593,Kodiak,65.5676,5,0.03644656429624823,2.08731041139892,190207011406
Kodiak_64633,Kodiak,40.8788,4,0.01831827580694098,1.0494425188222238,190207010206
Kodiak_64673,Kodiak,46.9659,4,0.0030946618214106195,0.17731049535836896,190207011405
Kodiak_66383,Kodiak,20.1067,4,0.07071067811865475,4.044691235386268,190207011401
Kodiak_66643,Kodiak,16.7886,4,0.03773704777366128,2.161148071988608,190207011410
Kodiak_70982,Kodiak,4.779,3,0.13070109459993,7.4464107569307965,190207011206
Kodiak_74254,Kodiak,15.102699999999999,4,0.016797047801985692,0.9623094518838036,190207010406
Kodiak_74624,Kodiak,16.435499999999998,4,0.06248090364381325,3.575244490444636,190207010501
Kodiak_75194,Kodiak,27.8206,5,0.027404404043296055,1.5697638055009762,190207011304
Kodiak_75624,Kodiak,15.138,4,0.058578643762690494,3.3524779312874884,190207011409
Kodiak_76204,Kodiak,13.896199999999999,4,0.022654091966098643,1.2977618815242036,190207011305
Kodiak_76354,Kodiak,17.1756,4,0.01530096874093536,0.8766125248501515,190207011408
Kodiak_76542,Kodiak,13.8942,5,0.025126265847083665,1.4393261427142718,190207011205
Kodiak_76564,Kodiak,30.819599999999998,4,0.06379884301177849,3.6504569977083046,190207010303
Kodiak_76942,Kodiak,15.6853,4,0.040662405920956865,2.328501470436093,190207010102
Kodiak_77162,Kodiak,26.3298,4,0.03986679692468934,2.2829902197673007,190207010208
Kodiak_77254,Kodiak,31.0977,5,0.06396103067892772,3.659711900519865,190207011302
Kodiak_77294,Kodiak,32.353899999999996,4,0.03199882146915782,1.832772050170942,190207010502
Kodiak_77372,Kodiak,19.6207,4,0.01102406046057712,0.6316065519549958,190207010204
Kodiak_77702,Kodiak,18.0646,5,0.282842712474619,15.793169048263962,190207011204
Kodiak_77794,Kodiak,54.7985,4,0.018359547772842648,1.0518064332587576,190207011506
Kodiak_77824,Kodiak,43.4401,5,0.043086139399594485,2.467128026650433,190207010304
Kodiak_77844,Kodiak,53.157399999999996,5,0.002232193187457798,0.12789503627918158,190207011303
Kodiak_77864,Kodiak,55.1466,4,0.02113552354538976,1.2107960267141749,190207011501
Kodiak_77872,Kodiak,33.224199999999996,5,0.006358118994351539,0.36428847520179497,190207011201
Kodiak_77952,Kodiak,17.223499999999998,4,0.12664034765952353,7.217536664421769,190207011202
Kodiak_78072,Kodiak,39.8328,5,0.029387775890636268,1.6833110470091133,190207010201
Kodiak_78104,Kodiak,143.8611,5,0.004184188840192178,0.23973496218709311,190207010801
Kodiak_78602,Kodiak,46.986999999999995,5,0.03418315578614836,1.9577882436667982,190207011203
Kodiak_78804,Kodiak,43.4311,4,0.028925921682314372,1.6568712276579465,190207011502
Kodiak_79034,Kodiak,18.3859,3,0.12167148670174498,6.937164297990675,190207010407
Kodiak_79642,Kodiak,41.088499999999996,5,0.0,0.0,190207010203
Kodiak_79842,Kodiak,47.7711,5,0.016413017529334537,0.9403122035633844,190207011403
Kodiak_79862,Kodiak,59.889599999999994,5,0.05424455847295436,3.104941246954992,190207011404
Kodiak_80022,Kodiak,53.0699,5,0.03693980625181293,2.1155330944286033,190207010202
Kodiak_80054,Kodiak,72.43509999999999,5,0.020710678118654752,1.1864648288002622,190207010302
Kodiak_80624,Kodiak,137.58849999999998,5,0.004267874730329982,0.24452972486266755,190207011301
Kodiak_80644,Kodiak,127.64,5,0.04398378134641868,2.5184618257180804,190207010301
Kodiak_95226,Kodiak,11.439599999999999,4,0.009729354088575157,0.5574333381662494,190207011901
Kodiak_96786,Kodiak,15.821,4,0.010209368171682354,0.5849333855281675,190207011707
Kodiak_97006,Kodiak,12.490599999999999,4,0.008490279984386569,0.4864455217629168,190207011703
Kodiak_100826,Kodiak,26.923099999999998,4,0.00229213661685848,0.13132952421673832,190207010802
Kodiak_101146,Kodiak,47.6485,4,0.005056393224792686,0.28970752236106484,190207011702
Kodiak_101736,Kodiak,36.689,5,0.029289321881345247,1.6776748991219672,190207011607
Kodiak_101826,Kodiak,29.6926,4,0.004812742310551131,0.2757476932908406,190207011704
Kodiak_102106,Kodiak,37.768299999999996,4,0.0,0.0,190207011106
Kodiak_102746,Kodiak,42.9473,3,0.006635229915246605,0.3801650912236621,190207010809
Kodiak_102936,Kodiak,60.4435,4,0.010667791436473301,0.6111962416670659,190207010702
Kodiak_103016,Kodiak,80.2982,4,0.007836116248912244,0.44896719941895763,190207011801
Kodiak_103116,Kodiak,60.7451,4,0.011173499627127444,0.6401677308853513,190207010708
Kodiak_103196,Kodiak,69.62729999999999,4,0.0034195710022876307,0.19592622249325342,190207011104
Kodiak_103266,Kodiak,53.96,4,0.006442960514307227,0.36914933708532843,190207010701
Kodiak_103296,Kodiak,63.867799999999995,5,0.006809539255776431,0.3901518294352092,190207010903
Kodiak_103556,Kodiak,68.0145,5,0.009763107293781749,0.5593670706860997,190207010803
Kodiak_103936,Kodiak,70.89699999999999,4,0.009459782283087352,0.5419894332296434,190207010905
Kodiak_104296,Kodiak,71.857,4,0.07071067811865475,4.044691235386268,190207011705
Kodiak_105086,Kodiak,119.717,5,0.0035861862001413665,0.20547245297716557,190207011102
Kodiak_106365,Kodiak,3.1628,2,0.08617227879918897,4.925141122237805,190207010707
Kodiak_106486,Kodiak,183.90789999999998,5,0.006914867967752367,0.3961864359187572,190207010904
Kodiak_107216,Kodiak,49.6181,5,0.0,0.0,190207011701
Kodiak_107376,Kodiak,95.41499999999999,4,0.006953267376056523,0.3983864541703892,190207011101
Kodiak_107686,Kodiak,324.31489999999997,5,0.0010727392278578212,0.06146340669764621,190207011103
Kodiak_108206,Kodiak,267.7661,6,0.008838834764831844,0.5064147402292484,190207010804
Kodiak_108376,Kodiak,520.9196999999999,5,0.02761423749153967,1.5817772850884675,190207011105
Kodiak_108606,Kodiak,80.0642,4,0.0033338124005834807,0.1910126725861997,190207010810
Kodiak_116535,Kodiak,9.834299999999999,3,0.0,0.0,190207010607
Kodiak_117795,Kodiak,17.1233,3,0.050831063699918015,2.909900944821565,190207010704
Kodiak_120645,Kodiak,35.4414,4,0.026359044878287868,1.5099123929585658,190207010814
Kodiak_121025,Kodiak,24.757299999999997,4,0.006766735591756719,0.3876994731412171,190207011609
Kodiak_122415,Kodiak,40.672,4,0.004551544771284084,0.26078250483057824,190207010401
Kodiak_122785,Kodiak,22.897399999999998,4,0.0,0.0,190207011505
Kodiak_123415,Kodiak,26.7776,4,0.00879974858502534,0.5041754412617936,190207011606
Kodiak_123695,Kodiak,53.0419,4,0.031229417863313753,1.7887324884306275,190207010606
Kodiak_124065,Kodiak,71.7575,5,0.008454209418155905,0.4843789788877136,190207011504
Kodiak_124185,Kodiak,60.318599999999996,5,0.005195338742859993,0.2976683049501754,190207011601
Kodiak_124215,Kodiak,64.70439999999999,5,0.002774569253535165,0.1589707002639203,190207011608
Kodiak_124815,Kodiak,48.753299999999996,4,0.01225078578714398,0.7018832094400391,190207011602
Kodiak_124945,Kodiak,65.8228,4,0.005409709377719392,0.30995049219680043,190207011503
Kodiak_125115,Kodiak,41.8517,5,0.007232300295403236,0.41437305844305156,190207011605
Kodiak_125235,Kodiak,64.78999999999999,5,0.13226938384951104,7.534740026190201,190207010706
Kodiak_125245,Kodiak,81.4412,4,0.012200155321739755,0.6989827309699042,190207010812
Kodiak_125355,Kodiak,81.9097,4,0.019074356983054618,1.0927476397204217,190207010813
Kodiak_125365,Kodiak,61.2729,5,0.0061298140766842335,0.3512080770012131,190207011604
Kodiak_125845,Kodiak,181.87109999999998,5,0.03335671261760238,1.9104904795516389,190207010403
Kodiak_126265,Kodiak,317.6552,5,0.004994801590274917,0.2861786707778961,190207010404
Kodiak_127785,Kodiak,20.2333,3,0.011238303578118542,0.6438802575813564,190207011610
Kodiak_127895,Kodiak,20.0905,4,0.04222340697205504,2.417786875496164,190207011603
Kodiak_127995,Kodiak,50.6414,4,0.002608142575863069,0.14943522312617702,190207010805
Kodiak_128765,Kodiak,71.0018,4,0.03351874247437545,1.9197637382195416,190207010605
Kodiak_129255,Kodiak,171.27689999999998,6,0.002780051029483369,0.15928478046734545,190207010603
Kodiak_129415,Kodiak,129.9631,5,0.05722307094916385,3.275068856586562,190207010703
Kodiak_129805,Kodiak,321.90799999999996,6,0.01342327379893607,0.7690507478618074,190207010604
Kodiak_130385,Kodiak,510.33389999999997,6,0.004502650913349118,0.2579811505400278,190207010807
Kodiak_130995,Kodiak,621.6962,6,0.07071067811865475,4.044691235386268,190207010808
Kodiak_131245,Kodiak,212.89749999999998,4,0.006337868769942206,0.3631282695618243,190207010811
Kodiak_131775,Kodiak,222.3074,5,0.0022407749927482886,0.1283867350435178,190207010705
